ProductID,UserID,Rating,Text
777,AV1YnR7wglJLPUi8IJmi,4,Great taffy at a great price.
767,AVpfpK8KLJeJML43BCuD,4,Absolutely wonderful - silky and sexy and comfortable
1080,AVqkIdntQMlgsOJE6fuB,5,Love this dress! it's sooo pretty.
1077,AVpfpK8KLJeJML43BCuD,3,I had such high hopes for this dress and really wanted it to work for me.
1049,AVpfpK8KLJeJML43BCuD,5,"I love, love, love this jumpsuit. it's fun, flirty, and fabulous! every time i wear it, i get nothing but great compliments!"
847,AVph0EeEilAPnD_x9myq,5,This shirt is very flattering to all due to the adjustable front tie. it is the perfect length to wear with leggings and it is sleeveless so it pairs well with any cardigan. love this shirt!!!
1080,AVph0EeEilAPnD_x9myq,2,I used this product only once and found its not worth nor its helpful.
858,AVph0EeEilAPnD_x9myq,1,Just horrible at trimming body hair.
858,AVph0EeEilAPnD_x9myq,0,I suggested not to buy.
1077,AVph0EeEilAPnD_x9myq,5,I love this dress. i usually get an xs but it runs a little snug in bust so i ordered up a size. very flattering and feminine with the usual retailer flair for style.
1077,AVph0EeEilAPnD_x9myq,1,Quality was too bad.
1077,AVph0EeEilAPnD_x9myq,3,Dress runs small esp where the zipper area runs. i ordered the sp which typically fits me and it was very tight!
1095,AVpfpK8KLJeJML43BCuD,5,This dress is perfection! so pretty and flattering.
1095,AVpfpK8KLJeJML43BCuD,1,Average quality of fabric poor stitching and poor finishing!
767,AVqkIdntQMlgsOJE6fuB,5,"i'm rather busty up top and the medium fit well, a small probably would've fit better but it's still super adorable."
1077,AVpfpK8KLJeJML43BCuD,3,This is a nice choice for holiday gatherings. i like that the length grazes the knee so it is conservative enough for office related gatherings.
1065,AVpfpK8KLJeJML43BCuD,4,"I took these out of the package and wanted them to fit so badly, but i could tell before i put them on that they wouldn't."
1065,AVzvXXwEvKc47QAVfRhx,3,Material and color is nice. the leg opening is very large.
853,AVpf_4sUilAPnD_xlwYV,5,Took a chance on this blouse and so glad i did. i wasn't crazy about how the blouse is photographed on the model.
1120,AVpf_4sUilAPnD_xlwYV,5,"A flattering, super cozy coat. will work well for cold, dry days and will look good with jeans or a dressier outfit."
1077,AVqkIdntQMlgsOJE6fuB,5,"I love the look and feel of this tulle dress. i was looking for something different, but not over the top for new year's eve."
847,AVpfpK8KLJeJML43BCuD,2,"i'm small chested and the top of this dress is form fitting for a flattering look. once i steamed the tulle, it was perfect! i ordered an xsp. length was perfect too."
1080,AVpgdkC8ilAPnD_xsvyi,3,"The sweater is cute, but scratchy."
1077,AVpgdkC8ilAPnD_xsvyi,2,Unusual color. expensive even on sale.
1077,AVzvXXwEvKc47QAVfRhx,1,Very cheap looking material. looks cheap to cost $158.
847,AVph0EeEilAPnD_x9myq,5,Warn and super soft. love it!
697,AVqkIdntQMlgsOJE6fuB,2,The material is cheap and looks torn. not as nice as the picture.
949,AVzvXXwEvKc47QAVfRhx,2,"Yes, this top runs large and it doesn't show your curves, but it's still really cute and fun to wear."
1003,AVzvXXwEvKc47QAVfRhx,4,Love this shirt. it fits great and can be easily layered!
684,AVzvXXwEvKc47QAVfRhx,5,"The fabric is too sheer, also looks like sleepwear. just not my thing."
444,AVpgdkC8ilAPnD_xsvyi,5,"The petites fit perfect!! these are so comfortable, i will get much us out of them!"
1060,AV1YnR7wglJLPUi8IJmi,5,I'm on the fence about this one. it is pretty
1060,AVzvXXwEvKc47QAVfRhx,5,"Very cute, and well made. fits true to size."
1060,AVqkEM34QMlgsOJE6e8q,5,"Very well made, wonderful fabric. fit perfectly everywhere but the bust."
949,AVzvXXwEvKc47QAVfRhx,2,"The fabric is thin, though. you better wash it in a bag or the washing machine will tear it up!"
697,AVpfIfGA1cnluZ0-emyp,1,The only negative about this dress was the placement of the stripe across your stomach
1060,AVphLY7v1cnluZ0-_Ty0,4,"cozy, comfortable, stylish. love mine!"
1002,AVpf_4sUilAPnD_xlwYV,1,"Just in one wash the fabric got so loose, the pants look faded."
949,AVzvXXwEvKc47QAVfRhx,1,Not worth for the money.
684,AVpfpK8KLJeJML43BCuD,5,Super cute and comfy pull over. sizing is accurate. material has a little bit of stretch.
862,AVzvXXwEvKc47QAVfRhx,5,Great casual top with flare. looks cute with grey pilcro stet jeans. flattering with peplum in back. nice cut for shoulders and neckline.
862,AVzvXXwEvKc47QAVfRhx,4,"Pretty and unique. great with jeans or i have worn it to work with slacks and heels. the colors, print, and embroidery are lovely. reasonably priced!"
862,AVphLY7v1cnluZ0-_Ty0,2,This is a beautiful top. it's unique and not so ordinary. i bought my usual medium and i found that it fits tight across my chest.
910,AVphLY7v1cnluZ0-_Ty0,5,i love this look for fall and it can roll right into spring. great buy!!
89,AVphLY7v1cnluZ0-_Ty0,4,"First, this is thermal ,so naturally i didn't expect super sheer, but it is. really sheer light fabric. i like it, but be prepared for considering who you might run into if you walk around the house in it"
862,AVqkEM34QMlgsOJE6e8q,1,it's too bad the picture online has the model tucking it into the skirt because you can't see the ruching across the front.
862,AVpfIfGA1cnluZ0-emyp,2,Good not that great .No lining ..will get better one if u spend 50rs more in the local market or in the mall
862,AVpfIfGA1cnluZ0-emyp,5,I love this top. i wear it all the time. the problem is that you can tell i wear it all the time as the fabric has started to fade. i'd still recommend it as it is so comfortable.
823,AVpfpK8KLJeJML43BCuD,5,"Very comfortable, material is good, cut out on sleeves flattering"
910,AVpfIfGA1cnluZ0-emyp,5,"This sweater is perfect for fall...it's roomy, warm, super comfy and the color really pops."
862,AVpfpK8KLJeJML43BCuD,5,Really cute top! the embroidery on the collar & bib of this top is beautiful and unique.
6969,B00BV5FHKG,3,milk got spoiled when we boiled it. not upto the mark.
9696,B00BV5FHKG,5,Very convenient to store. One does't need to buy every day & assured quality. Curd is fantastic. I store 10ltrs & forget for 15 days.
9696,B00BV5FHKG,1,I got the expired pack..
9696,B00BV5FHKG,5,"Tastes like normal pouch bag milk. Feels no difference unlike other brands which though taste good, sometimes are a lot thicker to seem real milk."
9696,B00BV5FHKG,5,Got it for little less than ‚Çπ 50Value for money in this price.
333,B00BV5FHKG,1,Never buy this.. giving duplicate product..its not original ghee rather mixture of oil and vanaspati..no aroma on cooking..taste too bad...and smells on heating
333,B00BV5FHKG,1,"I ordered for patangali 2 1 leter pouches,,but 1 is correct weight and another is less waight"
333,B00BV5FHKG,3,I am not satisfied with the quality of Ghee. It doesn't have any smell and it's very iight.
333,B00BV5FHKG,1,This product is worst...They are using duplicate ghee in this parcel...They mixed many other things in ghee...I threw it outside...Hate this
444,B00BV5FHKG,1,Very bad. No smell at all.wasted my money.
444,B00BV5FHKG,3,"It's good, but to me while using it sometimes it cause faceburn(slightly). My skin is highly sensitive, may be its bcoz of that"
444,B00BV5FHKG,5,Very good product it softens skin and give glow good moisturizer too
8001,B00BV5FHKG,5,Nice herbal product.
8001,B00BV5FHKG,5,"It's is a perfect remedy of skin issues like rashes, pigmentation."
8001,B01CJUK8PU,1,"Well, Amul product is nice n trustworthy but only point is that this product was delivered to us when it was reaching about its expiry date"
369,AVph0EeEilAPnD_x9myq,3,"Amul panner was good, but found Nandini (KMF) panner was more goid/tasty"
369,AVqkEM34QMlgsOJE6e8q,1,"It is not good quality, it is very hard paneer"
1095,AVph0EeEilAPnD_x9myq,5,"Amul all the way I don't think it needs a review the name speaks for itself.. And Amazon, as usual, was good and prompt in services"
1095,AVph0EeEilAPnD_x9myq,5,Delivered in cold box! Bravo.
369,AVpfpK8KLJeJML43BCuD,4,"Taste is better than competitors. My kids love it more than Britannia , GO cheese and Milky mist."
910,AVph0EeEilAPnD_x9myq,5,"Amul's famous slogan, and ofcourse my favourite too...""Utterly Butterly Delicious AMUL"""
9696,AVpfpK8KLJeJML43BCuD,4,Good quality. Rates should be 30% less.
858,AVph0EeEilAPnD_x9myq,5,Another amazing product from amul and amazing delivery by amazon now delivery team
910,AVph0EeEilAPnD_x9myq,5,Nice flavor and melts easily .. perfect slices for making pizza
858,AVqkEM34QMlgsOJE6e8q,4,Okay product. Nothing special. Normal.
9696,AVph0EeEilAPnD_x9myq,4,Good for quick breakfast with bread
89,AVph0EeEilAPnD_x9myq,3,Leaves you hairs dry after wash. Compulsary to use conditioner.
684,AVpfpK8KLJeJML43BCuD,5,Made in bharat and we r proud of it...no harmful chemicals and affordable price
684,AVph0EeEilAPnD_x9myq,5,Superb shampoo so soft n delicate on hair. Been using for years
89,AVpfpK8KLJeJML43BCuD,5,Wonderful product. Using little produces enough lather.
9696,AVph0EeEilAPnD_x9myq,5,already used earlier. good item. no issue i felt. thanks
444,AVqkIdntQMlgsOJE6fuB,5,"It's not highly perfumed, does wat an ayurvedic shampoo can do, don't expect too much, it's just a shampoo, with natural ingredients, not magic serum."
777,AVpgdkC8ilAPnD_xsvyi,2,Why these products so costly and secondly delivery charges too high and how to take them not mentioned clearly very confusing
89,AVpgdkC8ilAPnD_xsvyi,5,Undoubtedly the best cows milk we have ever tasted out of a Milk carton. Creamy and delicious.
684,AVzvXXwEvKc47QAVfRhx,1,The packet is torn and it seems eaten by eat. Shocked to see such poor quality check before delivery. Kindly replace or refund
697,AVpgdkC8ilAPnD_xsvyi,5,Its Maggi!!..what's not to like??Got it for Rs.109 during the Great Indian Festival.The package arrived in a good condition and was delivered within 24 hours.‚úå
767,AV1YnR7wglJLPUi8IJmi,2,Free Tiffin Box not provised which was mentioned on Packed. Not expected.
823,AVzvXXwEvKc47QAVfRhx,1,"Out 2 ine was damaged it was torm and the powder coming out of it, no return policy"
847,AVph0EeEilAPnD_x9myq,3,"Useful energizer, mild orange flavour."
853,AVqkIdntQMlgsOJE6fuB,5,Very nice quality product and quick delivery.
858,AVpgdkC8ilAPnD_xsvyi,5,I'm very happy whit this prdodct Orange glocondi favour
862,AVpgdkC8ilAPnD_xsvyi,3,Feel artificial
910,AVzvXXwEvKc47QAVfRhx,5,Good product
949,AVpgdkC8ilAPnD_xsvyi,1,Product is not seal pack. It was already opened.
1002,AV1YnR7wglJLPUi8IJmi,5,Good for summer
1003,AVpgdkC8ilAPnD_xsvyi,1,Guys... pls dont buy this.. this is not original titan watches.. this is first copy watches.. the pacKaging is really bad..
1049,AVqkEM34QMlgsOJE6e8q,5,Just wowww
89,B00R60PBTC,1,Useless
444,B00R60PBTC,5,Too good
89,B00R60PBTC,5,The tea is light in flavour but tastes good... people who prefer having strong flavour of tea will not like this...
9696,B00R60PBTC,5,Excellent dilute out of premix tried till time. Good test perfect no difference found compare to daily tea prepared with tea milk sugar and masala
9696,B00R60PBTC,5,"I love the taste of this flavour.. Easy to make, hope they bring larger packs with 100 sachets or something."
89,B00R60PBTC,3,"very light tea. At similar prices, very good flavoured tea is available. got it wrong bcoz of the brand name"
89,B00R60PBTC,5,Good tea at a good price.
9696,B00R60PBTC,1,Worst Taste Ever nowhere near to my office godrej cardimon tea machine.
1077,B00R60PBTC,2,Ok . Not a strong taste
1080,B00R60PBTC,5,Good packaging nice flavour
1077,B00R60PBTC,1,IT TASTES LIKE CARDAMMOM POWDER AND GINER
1080,B00R60PBTC,1,"No scope provided, jar quotes that use of the scope provided but didnt receive any measuring scope"
444,B00R60PBTC,5,Nice flavour
777,B00R60PBTC,5,I am regular customer of society instant tea
444,AVsRjfwAU2_QcyX9PHqe,5,Thick cow milk. Very tasty. Comparable with Amul Gold in thickness. Although this is cow milk and not buffalo milk. Tastes better than toned milk.
444,AVqkIdntQMlgsOJE6fuB,1,Spoilt milk
1077,AVsRjfwAU2_QcyX9PHqe,5,Best carton milk available in market.
1080,AVqkIdntQMlgsOJE6fuB,1,"Worst ghee that is coming in Market. It tastes, smells and looks like dalda. I am sure its 100% dalda"
1077,AVsRjfwAU2_QcyX9PHqe,5,"No matter what you think of Patanjali.But some products are just too good. The best of them is this ghee.The smell, taste and quality."
1080,B00ULPQTXQ,1,I ordered amul fresh creme it was just look like this when I opened the package I didn't even used it once ...so regretful for buying this product
1077,B00ULPQTXQ,4,General product but do check the manufacturing & expiry dates.
1080,B00ULPQTXQ,5,"I tried making whipping cream with it and it really turned out well, used it for cake decoration and it turned out really well üëåüèªüòä"
853,B00ULPQTXQ,5,It is very good product to add creaminess and texture to add to dishes. The taste is very nice.
858,B00ULPQTXQ,4,Good and Tasty
862,B00ULPQTXQ,5,Cool packaging and fresh product.
910,B00ULPQTXQ,5,Very good product amul‚úîÔ∏è
949,B00ULPQTXQ,1,I NOT LIKED IT.
1002,B00ULPQTXQ,1,"Looks like a spoiled / duplicate product , packing date is 15th May 2020 the product isn't expired one"
1003,B00ULPQTXQ,2,"Bad quality. I think Amul made this low quality product for online shopping perpose only. Amul ghee from local shop, in tin container is GOOD."
9696,B00ULPQTXQ,1,Poor quality..Seems as was adulterated..Fake product
9696,B00ULPQTXQ,1,Big name duplicate product bad smell bad taste bad packing Zero value for moneyWorst ghee i purchased worst then refinedPRUDUCT MUST NOT BE SILD IN AMAZON.
1077,B00ULPQTXQ,5,This is a fantastic product and my whole family is fond of this product. We have been using this for ages (from Nutramul period).
1080,B00ULPQTXQ,5,The Best Health Drink for the whole family.Amul Pro is the only Health Drink available in the market at most economical Price Tag.And that too Made in India by Amul.
684,B00ULPQTXQ,4,"Due to price reason, I doubt it's effectiveness. Though I trust Amul a lot. Waiting for results. As far as flavour is concerned, it's awesome."
697,B00ULPQTXQ,3,Taste is nice but i think malt win is better than this
767,B00ULPQTXQ,5,My children love its taste and flavor. It does not appear to leave fake color in milk like other products.
444,B00ULPQTXQ,5,"One of the best products, highly recommended."
684,B00ULPQTXQ,5,My daughter loves this drink. It tastes delicious n is very healthy too.
697,B00ULPQTXQ,5,"good and tasty, I feel the bournvita is over hyped due to advertisement"
767,B012SPKP9U,3,Too sweet
1077,B012SPKP9U,5,"Make sure amazon delivers you a fresh productI had issues with the month of packaging and all but as far as product is concerned, its really good."
1080,B012SPKP9U,5,The paper boat juices are excellent but poor availability on Amazon.Packet received totally damaged.
684,B012SPKP9U,4,It's all perfect except the price per ltr of this aamras if it was around 120Rs/ltr then it would be nice.
949,B012SPKP9U,4,"This is not like maaza,I drink maaza a lot but this is very thick of mango juice.Pour into glass and drink"
949,B012SPKP9U,5,"It comes with a delicious taste,you can consume it directly or you can decorate cake with these delicious candies,highly recommended."
949,B012SPKP9U,5,"It's a vegetarian products , we can also consumed it directly . It so much tasty .Delicious in taste."
444,B012SPKP9U,5,Very good buy of a very good product. Best tooti frooti I have bought till now.
684,B012SPKP9U,5,Got it for 160/- 100% value for money taste was like original coco cola packaging was also good
697,B012SPKP9U,5,Love Coke!Yes the cans were great and at a good price too
767,B012SPKP9U,1,"Out of 6 cans, 5 were puffed and one was a sealed but EMPTY can üò° photos and videos attached. Highly disappointed. Please refund my money"
823,B012SPKP9U,5,got in 210 rs quick delivery n affordable price thanks amazon product delivered without getting a little scratch
847,B012SPKP9U,5,Best packing for this type of the product and Also...the quality of the product...üëçüëçüëç
853,B012SPKP9U,5,Taste is very good. I got it in just 168/- Good taste and juice consumption is a good practice for health !
1077,AVsRjfwAU2_QcyX9PHqe,5,Awesome hai üëåüëåüëå
1080,AVsRjfwAU2_QcyX9PHqe,5,I have gifted this to my bf. He loved it
333,AVqkIdntQMlgsOJE6fuB,5,Its fastrack at its best..... Amazing watch and stylish also...its pure value for money...
8001,AVqkIdntQMlgsOJE6fuB,5,Looking nice
949,AVqkIdntQMlgsOJE6fuB,5,Awesome
1080,AVqkIdntQMlgsOJE6fuB,5,Good product.
444,AVqkIdntQMlgsOJE6fuB,5,Always been our favourite accompaniment with our evening tea
949,AVsRjfwAU2_QcyX9PHqe,5,Good as usual
1080,AVqVGZNvQMlgsOJE6eUY,5,Excellent taste
333,AVpfwS_CLJeJML43DH5w,4,Makes a good tea time snack.
8001,AVphgVaX1cnluZ0-DR74,5,Great taste of 50:50 rocks
1077,AVqVGZN9QMlgsOJE6eUZ,1,All were broken
1080,AVpftoij1cnluZ0-p5n2,1,Biscuits is dust
949,AVqkIhxunnc1JgDc3kg_,5,Flavour very good.. difficult to resist...
949,AVpfIfGA1cnluZ0-emyp,5,"I have practically grown up eating this sugar coated delight, never fails for me."
949,AVpfIfGA1cnluZ0-emyp,5,"Mast hain boss, one of my fav. These are made of flour so easy to digest. Kids will love it too. For sure recommended."
9696,AVpfIfGA1cnluZ0-emyp,5,Full natural sandal smell
333,AVpfIfGA1cnluZ0-emyp,5,Nothing
8001,AVpfIfGA1cnluZ0-emyp,5,A little longer stick would be better.
767,AVpgdkC8ilAPnD_xsvyi,1,No return and replaceAdd more tex
823,AVpgdkC8ilAPnD_xsvyi,5,Been using it for 45 years . The best soap ever .
847,AVpgdkC8ilAPnD_xsvyi,5,Fantastic
853,AVpgdkC8ilAPnD_xsvyi,5,Long lasting freshness throughout the day.
858,AVpgdkC8ilAPnD_xsvyi,5,My preferred soap
862,AVpfIfGA1cnluZ0-emyp,4,Super Product
910,AVpfIfGA1cnluZ0-emyp,5,"Best soothing, cooling fragrance for hot summer months. Soap leaves skin relatively dry which is ideal for hot and humid summer months in Delhi"
949,B01CJUK8PU,4,Super watch from Amazon But very weight not for daily use
1077,AVpfIfGA1cnluZ0-emyp,4,"Nice product and, cool looking must buy everyone Prefer to buy under 2k"
1080,AVpfIfGA1cnluZ0-emyp,5,Perfect look. Bought for my friend. Color combination is so fab. It goes with Indian & western outfits. Having both casual and professional look. Amazing product.
1002,AVpfIfGA1cnluZ0-emyp,5,Its a nice product for men. I ordered this watch for my uncle. He was very happy after wearing this watch. He loved it.
369,AVpfIfGA1cnluZ0-emyp,3,"Good..bt last day of every month showing incorrect date (30,31)"
910,AVpfIfGA1cnluZ0-emyp,4,I like the day & date system of this watch . But the leather belt of this watch is not sogood . The belt could have been more soft .
444,AVpfIfGA1cnluZ0-emyp,5,Watch is beautiful but container wasn't :(
9696,AVphLY7v1cnluZ0-_Ty0,4,The name speaks for itself.
444,AVphLY7v1cnluZ0-_Ty0,2,"Titen watch is good ,but ladher belt quality very poor, and length very short, and ladher belt is cracking after 5 months"
858,AVphLY7v1cnluZ0-_Ty0,5,Worth it nice and heavy look
862,AVphLY7v1cnluZ0-_Ty0,5,"Gifted to my dad, and he loved this watch."
949,AVphLY7v1cnluZ0-_Ty0,5,"Super watch , with a nice gold metal .Feels very strong .Awesome .love #titan."
949,AVphLY7v1cnluZ0-_Ty0,5,Just Awssm..Value For Money..Really Happy..
949,AVphLY7v1cnluZ0-_Ty0,5,It's really good products
910,AVphLY7v1cnluZ0-_Ty0,5,Amazing fragrance
1077,AVphLY7v1cnluZ0-_Ty0,5,Just üëå
1080,B00BV5FHKG,5,Good !!!!!!!
444,B00BV5FHKG,1,Fack product.. Money westeg
858,B00BV5FHKG,1,Bakwas product ...jab product mere pass aya ..date par ho chuka Tha ....Baby ke sath Kyu khel rahe ho ...Amazon ......
862,B00BV5FHKG,3,"Out of 2 baby powder packs I ordered, quanity of one pack is genuinely less than the other one. It's strange. Products are genuine though."
853,B00BV5FHKG,1,"This product fake,not a Himalaya ProductPlease don‚Äôt buy this powder"
9696,B00BV5FHKG,3,Why free article not delivered/provided along product where it is clearly mentioned on bottle that free body lotion 100ml and not for individual sale?
910,B00BV5FHKG,4,Best product for kids
949,B00BV5FHKG,5,Totally satisfied with the product.Value for money.Manufacturing date was of August and I ordered in October and I got the fresh product.. totally satisfied..
910,B00BV5FHKG,5,"I ordered it for a friend, and after she opened it, she really loved it. Great package, every item is as it was descripted on amazon site."
949,B00BV5FHKG,5,"Satisfied,Value for üí∞Get in Sale ‚Çπ570=9itemsIn good condition(Mf Date-06/2019)U can gift for a baby.."
858,B00R60PBTC,3,All items in the box contains dust. Soap wrappers teared. Basket has manufacturing defect and item was damaged during the transportation.
862,B00R60PBTC,4,For Kids -3
853,B00R60PBTC,1,"About that Himalaya cream, I would like to share that this product is not recent manufacturing."
1080,B00R60PBTC,3,Won‚Äôt suggest it to people having very dry skin like mine.Good for normal to oily skin. Gets absorbed instantly.My skin needs something greasy as it‚Äôs very dry.
777,B00R60PBTC,5,Another amazing product from Himalaya nonsticky with lovely fragrance ... I m using it from long n happy with it
89,B00R60PBTC,5,good and best gift
684,B00R60PBTC,5,I bought it for RS. 110. At this price it's very good. Good package.
697,B012SPKP9U,5,Nicely packed juices...very presentable & good option for gifting
767,B012SPKP9U,5,Good productI got only in rupees.... 119
823,B012SPKP9U,5,It's nice gift pack. Packing is good.
1080,B012SPKP9U,2,Taste not good.
777,B012SPKP9U,1,"Returned as the product was of manufactured in june and i have buy this on 2nd oct, expired one."
89,B012SPKP9U,4,"Seems to be a monopoly. No competitor that‚Äôs why charging so much.But yes., adds a reason to have a boaring food with ease"
684,B012SPKP9U,5,I like this tea. But sir you have charged Rs 400 but it is avilable in market for Rs 320 or 325. Please give me the required refund. I shall be thankful to you.
697,B012SPKP9U,3,No comments when it's a Tata product. Best amongst the best only. But what about Amazon service.
767,AVqVGZNvQMlgsOJE6eUY,3,I paid ‚Çπ315 for this pack which has price ‚Çπ310
823,AVqVGZNvQMlgsOJE6eUY,4,Good full value of money
444,AVqVGZNvQMlgsOJE6eUY,4,Flavour of this tea is goodIt includes little leafs you can see them in itMust try tea
777,AVqVGZNvQMlgsOJE6eUY,5,"This is best quality tea for daily use at cheap rate. Very fast,next day delivery by Amazon pantry."
89,AVqVGZNvQMlgsOJE6eUY,5,There is no other equivalent brand available in the market. Have been using for 5 years on 2 occasions in a year for friends and relatives and they are happy.
858,AVqVGZNvQMlgsOJE6eUY,5,Amazing flavour... Was searching in all the shops during this covid period but I could not find any one in the market so decided to buy in Amazon and was so happy
862,AVqVGZNvQMlgsOJE6eUY,1,BEWARE BEFORE BUYING IT'S JUST ABOUT TO EXPIRE I'VE RECEIVED IT ON 26JULY
9696,AVqVGZNvQMlgsOJE6eUY,4,My family likes the taste. This is the monthly savings pack. I brought 499/1.5 kg in some deal going on.
697,AVphgVaX1cnluZ0-DR74,5,Tasty Tea with Natural Flovour
1080,AVphgVaX1cnluZ0-DR74,5,no second thought
777,AVphgVaX1cnluZ0-DR74,5,The tea is awesome..the taste is Rich and refreshing..I LL definitely buy it again!!
89,B01H70ZVIQ,5,Best quality done first time colour happy to use best streax..well it's rightly said color b care b.. amazing shiny hair
684,B01H70ZVIQ,1,"Tempered product..seal was broken in the developer bottle,shampoo and conditioner..Even ""SHAMPOO""was just oil.. Disappointed.!!!"
697,B01H70ZVIQ,3,It's like other color like Garnier at very high price
767,B01H70ZVIQ,1,"Not suitable , for scalp dandruff will come"
823,B01H70ZVIQ,5,Highly recommended
6969,B01H70ZVIQ,4,It gives this color on lifting your black hair to level 5-6..I guess the streax gems collection is much better than this single tube color
9696,B01H70ZVIQ,1,I have ordered 2 and i have only recipe 1
333,B01H70ZVIQ,5,I have bought this thrice love it!!
8001,B01H70ZVIQ,1,"It being a body mist , when drctly applied to skin gives a burning sensation...it is definitely a duplicate product"
369,B01H70ZVIQ,5,"Nice fragrance....and timely delivered, overall good product...happy to buy"
1095,AVphgVaX1cnluZ0-DR74,5,Amazing. Original. Smart watch. A little heavy watch not for everyday use.
6969,AVphgVaX1cnluZ0-DR74,5,"its very nice and stylist. belt is excellent. but i found its weight 499 g while buying, but its actual weight is 125 g"
9696,AVphgVaX1cnluZ0-DR74,2,"The Back ground grey color in dial is shown in pitcher, but when i received the Gray shade was entirly blue which is not as expected."
333,AVphgVaX1cnluZ0-DR74,5,Simple and Superb.Can match on any type of dress you wear....
8001,AVphgVaX1cnluZ0-DR74,5,I gifted this watch to my friend and he loved it. It was in perfect condition and is working properly.
369,AVqVGZN9QMlgsOJE6eUZ,5,"I love this product, dial is normal size compare to which is shown on the image. Fast track Original on best priceThanks to amazon"
1095,AVqVGZN9QMlgsOJE6eUZ,4,It‚Äôs a great watch at a reasonable price. I love the fact that it has a nice big dial and a smooth finish. It‚Äôs totally worth the money.
697,AVqVGZN9QMlgsOJE6eUZ,5,Cool looking watch.
767,AVqVGZN9QMlgsOJE6eUZ,5,"Amul's Famous Slogan, and ofcourse my favourite too""Utterly Butterly Delicious AMUL."
823,AVqVGZN9QMlgsOJE6eUZ,5,"Amazing product from Amul, the taste has remained same throughout the years and the quality is still awesome.And as always amazing delivery from amazon"
847,AVqVGZN9QMlgsOJE6eUZ,1,Amul supports anti-national channels so I am discontinuing use of the products and there are better butter available from local manufacturers.
853,AVqVGZN9QMlgsOJE6eUZ,5,Amul name is enough and Amazon service as usual prompt
858,AVpftoij1cnluZ0-p5n2,5,"In terms of flavour, others are far apart, can't really call anyone a competitor for amul butter, in India."
862,AVpftoij1cnluZ0-p5n2,5,It's amul. It's the best. I made this order after having checked more store in person. The store has more offers than online.
858,AVpftoij1cnluZ0-p5n2,5,Even after reporting to Amazon that this product is selling for more than it's MRP of 70/- ... The price here is not updated.The product itself it good.
862,AVpftoij1cnluZ0-p5n2,4,The product mrp shows ‚Çπ73 but charged ‚Çπ80 by Amazon Fresh. Product quality is good.
9696,B071VPLC99,4,The product is definitely paraben and sulphate free. However people who have very dry skin would need to apply it multiple times. Price is also quite competitive.
777,B071VPLC99,5,Using it from 2016 for my daughter..Her day starts with this lotion and before going to sleep she herself asks for lotion...
767,B071VPLC99,5,"So nice product, my skin is combination type (oily n dry), it works magically especially in winter. Gives u Extra softness.."
1080,B071VPLC99,4,My mom changed from ponds day n night cream after ages and the result is so good.
1077,B071VPLC99,5,"Taste is a matter of preference. Personally speaking, quite liked the taste and flavour of the brand"
1049,B071VPLC99,5,Have been using society since many yearsAlways the same taste and flavour
847,B071VPLC99,4,It is good for tea lovers who like their tea strong and straight.
1080,B071VPLC99,5,OK Product
858,B071VPLC99,5,Very tasty tea which we are using for long.
858,B071VPLC99,5,Tastes better than other products.delivered on time.planning to buy 1 kg pack...
1077,B071VPLC99,1,Received this product in damaged condition and it doesn‚Äôt come under returnable category. Since the seal is broken can‚Äôt use the product
1077,B071VPLC99,1,Product is fine. Package had a hole in it & tea powder leaked out.
1077,B071VPLC99,2,Society Masala Tea is far better than this one. Pack within expiry but due to storage conditions discolored.
1095,B071VPLC99,4,The tea is good. But old stock. Packed on October 2016. Best before 12 months of packing. So it's already outdated when received.
1095,B071VPLC99,1,The which has been sent looks like it's a fake product as there are lumps in it ... plus there a foul smell coming out of it please take it back and refund my money
767,B071VPLC99,3,Good but very spicy. Young people will like it but for old/children it is very strong.If mixed with normal tea then better.
1077,B071VPLC99,3,Good for the first time use. Later you get irritated due to the spices. May be they should have added more cardamom
1065,B071VPLC99,1,Nothing special. Need to mix in a lot of the powder to get a decent tasting cup of tea.
1065,B071WRP912,5,Excellent product.
853,B071WRP912,5,Good tea
1120,B071WRP912,5,Very fresh quality tee leaves
1077,B071WRP912,4,Fastest delivery by amazon prime... And great taste of the tea...the fragrance of it is just amazing... recommended to one and all..
847,B071WRP912,4,Good Product I liked It
1080,B071WRP912,5,"Perfect, no hassles"
1077,B071WRP912,5,Strong.Takes less time to brew.Good in taste.
1077,B071WRP912,1,The tea packet was torn . I would like this order replaced
847,B071WRP912,5,"Good package, it tastes good but quantity less when compared to red label, but the aroma is nice.... Over all satisfied with the taste...."
697,B071WRP912,3,Tata Agni Tea is value for money. It's MRP is 220/- . Overall good for buy. I recommend to buy this product. Go for cheaper tea.
949,B071WRP912,1,Packed is damaged if no replacement what we need to do pls confirm. Don't buy. Don't buy don't buy don't buy
1003,B071WRP912,5,"Excellent quality and looking cool when I wear this, the white dial is awesome and I like it more. Orange needles for time indication gives good look to watch."
684,AVpftoij1cnluZ0-p5n2,1,I want to buy it. But I can't see any buy options.I am really disappointed.I am also a old customer.
444,AVpftoij1cnluZ0-p5n2,1,Given only 1 packet whereas thy have put 8 packets in menu
1060,AVpftoij1cnluZ0-p5n2,1,Cheap very cheap
1060,AVpf_4sUilAPnD_xlwYV,5,"Instant , valuable time saving"
1060,AVpf_4sUilAPnD_xlwYV,1,Showing pack of 8 but received only 1 no
949,AVpf_4sUilAPnD_xlwYV,5,It's a very rich purple. More red hued but does it's work.Semi permanentI really disliked it's smell.Very strong!
697,AVpf_4sUilAPnD_xlwYV,1,Doesn't work without bleach ....why are u selling a colour without bleach then include it ...too much high price
1060,AVpf_4sUilAPnD_xlwYV,5,Nice purple. Doesn‚Äôt stay for too long. Pretty good. Colored extremely dark hair. Buy hair bleach and developer with it.
1002,AVpf_4sUilAPnD_xlwYV,1,Color didn't showup after applying. Waste of money
949,AVpf_4sUilAPnD_xlwYV,4,I liked this product a lot. Color comes out to be so natural looking. I told my friends too to use the same.
684,AVpf_4sUilAPnD_xlwYV,5,"Great Taste, i Regularly Eat Nice Time Biscuit, Got Free Delivery on Amazon Prime."
862,AVph0EeEilAPnD_x9myq,4,Little broken
862,AVqkIdntQMlgsOJE6fuB,4,Good biscuits but broken inside the pack
862,AVqkIhxunnc1JgDc3kg_,5,Really nice
910,AVqkIhxunnc1JgDc3kg_,5,It actually provides a very shiny effect while protecting your hair.And it leaves them with a very pleasant fragrance üíïüíïüíïüíï
89,AVzvXXwEvKc47QAVfRhx,1,its so bad...makes ur hait sticky and oily dnt buy it
862,AVpgdkC8ilAPnD_xsvyi,4,"Gloves, user manual mentioned on the pack but there inside each pack, need to check how many days color remains, good offer price."
862,AV1YnR7wglJLPUi8IJmi,2,Average product. Lasts only for aweek
862,B071WRP912,4,Okay product
823,B071WRP912,5,Super product
910,B071WRP912,1,It is all full of chamical
862,B071WRP912,5,Goid quality mixed with perfect and fast service of amazon.........I am a proud amazon buyer.
6969,B075P2RKDG,1,Very bad smell not at all recommended.
9696,B075P2RKDG,1,Someone has already opened this
697,B075P2RKDG,1,Got a open sealed...to our surprise...this isn't eligible for return.....
9696,B075P2RKDG,5,Best sandal product ever..That smell was wow..Thank you Amazon
9696,B075P2RKDG,5,Awesome product truly genuine and good for skin
333,B075P2RKDG,5,It brightens the skin and gives a glow to our skin.
333,B075P2RKDG,1,"Lots of burning sensation, definitely has some chemicals"
333,B075P2RKDG,1,Disappointed with the product. Seals were broken for both the received items !MRP itself is rs. 165. So discount is just an eyewash!
333,B075P2RKDG,4,Not too good n long lasting scent.OK OK product
444,B075P2RKDG,1,"Does not satisfy my expectations.Very less fragrance, quality not upto the mark.Other brands are good, check for yourself"
444,B075P2RKDG,5,Mysore Sandal is much ahead of any other sandal soaps by miles. All other Sandal soaps are Scandal.Jasmine and Rose are 4 Star
444,B075P2RKDG,5,Awesone smell.doesnt crumble up in water either.üëç
8001,B075P2RKDG,5,Awesome.. my mom won't use any other soap apart from this. She loves the new range. Rose fragrance is amazing..
8001,B075P2RKDG,4,Quality of the packing by manufacturer needs to improve!
8001,B075P2RKDG,1,Don't think this is original.The golden seal on inside plastic box seems to have been tampered with and resealed with plastic tape.
369,B075P2RKDG,1,Today l received package in good condition but when l open i found first soap packet in opening condition and there is no soap only soap case
369,B075P2RKDG,1,No discount is being provided seller. Information provided is wrong.
1095,B075P2RKDG,5,Love this smell. Beautiful product.Good packaging. Thanks to Amazon also.
1095,AVqVGZNvQMlgsOJE6eUY,4,Not that great smell like mysore sandal soap
369,AVpfwS_CLJeJML43DH5w,5,Agarbatti is excellent but its mrp is only Rs 55(per packet).....so don't go on mrp shown by amazon....
777,B078X5298B,1,Worst product. Product is not working after 10days.
767,B078X5298B,5,Thank you for changing the timer
1080,B078X5298B,5,Best Product in these price segment.
1077,B078X5298B,2,Damaged piece..
1049,B079TXZ142,5,Excellent soap... 79% TFM... amazing scent... Once you try it you won't try another soap...
847,B079TXZ142,5,The best soap available. Have been using it for more than 3 decades. Will not move out of this one. Ever.
1080,B079TXZ142,4,Stands for quality and light smell after the bath stays hours together
858,B079TXZ142,4,"Value for money because I got 8 soaps in Rs 250 /- including shipping ordered during Amazon sale b/w 29th September - 4 th October.Definitely,value for money ."
858,B079TXZ142,3,It's too dry.Best suited for oily skin.Other skin types best avoid this.
1077,B079TXZ142,5,Good Product. Scent is good as other products of cinthol.
1077,B079TXZ142,5,Nice perfect cinthol deodorant soap really good and extraordinary...
1077,B079TXZ142,5,"Using the soap since 20 years.Dont need to go in details as shown in my ratingsfor vfm,scent and freshness."
1095,B079TXZ142,5,One should not hesitate in buying this product. The original scent and freshness is to die for if you are old school.
1095,B079TXZ142,5,"Good product. But the manufactured date is 2018, near about nine months before product. This is the cheating business."
767,B079TXZ142,5,Best always
1077,B079TXZ142,5,Nice Fragrance and soft.. Feels very refreshing using it
1065,B079TXZ142,4,Good deal
1065,B079TXZ142,4,It's a good product by Cinthol .I loved the fragrance of the soap and it is very pleasant in smell
853,B079TXZ142,5,"It has been a classic since 2 decades or so, something's never change. Always loved it."
1120,B079TXZ142,5,"Well I loved the soap. The smell is available till the soap gets thinner, which is not to be found on many others.Will surely recommend it."
1077,B079TXZ142,4,Nice fragrance and comfortable to use.Not the best price.
847,B079TXZ142,5,"Excellent deoderising soap with tcc.Useful especially in summer,skin brightening soap"
1080,AVsRjfwAU2_QcyX9PHqe,1,"After reading so many great reviews, was eagerly waiting for this face wash but when I opened it the tube was half empty...very disappointed."
1077,AVsRjfwAU2_QcyX9PHqe,1,"when I opened it the tube was half empty, it was not even packed..very disappointed."
1077,AVsRjfwAU2_QcyX9PHqe,1,"After reading so many great reviews, was eagerly waiting for this face wash but when I opened it the tube was half empty, it was not even packed..very disappointed."
847,AVsRjfwAU2_QcyX9PHqe,1,Waste of money. Do not buy . No results.
697,B071WRP912,5,The taste was awesome and the juice was thick. Value for money ....Loved it !!
949,B071WRP912,4,Tastes like original mango pulp and acidic. Very good.
1003,B071WRP912,5,quality and product is very good. And this is definitely worth for your money
684,B078X5298B,4,Their guava drink is very thick and in comparison this is quite diluted. It tastes well but I wonder if my package was tampered with.
444,B078X5298B,4,Good product
1060,B078X5298B,1,Didn‚Äôt taste good
1060,B078X5298B,4,Not bad
1060,B078X5298B,5,Awesome packaging... current dated product... Amazon done a great job...
949,B078X5298B,5,Its very tasty drinks
697,B078X5298B,5,Flavour is Excellentü§§ü§§.Go for itüî•üî•
1060,B078X5298B,1,Family fun pack! They supposedly forgot to mention its as ant family. God dammit there was live üêú ants in it! Are you serious! I just throwed it
1002,AVsRjfwAU2_QcyX9PHqe,1,This product was supplied in damaged condition.The package is damaged and full of ants inside.Also the app states this product do not qualify for return.
949,AVsRjfwAU2_QcyX9PHqe,1,"Seems damaged pack delivered with ants inside. Not one or two, thousands of them . Ants spread in whole kitchen now."
684,B07DCXBQPV,1,Seal was brokenAnd totally damaged packet..
862,B07DCXBQPV,4,More of an air freshener and smells good
862,B07DCXBQPV,3,I have orderd two spray bottle and recieved only one cap. One spray os with cap and one without. Smell is also not so good.
862,B07DCXBQPV,5,Much needed product during this pandemic
910,B07DCXBQPV,5,Best but price is on mrp no discount
89,B07DCXBQPV,5,"Product is aqurate, original, recently manufacture. Seal is ok, good condition, good packaging. Completely satisfied."
862,B07DCXBQPV,2,"I have doubt, is this original or duplicate product..May b duplicate one..."
862,B07DCXBQPV,5,The quality of the product is very good. Buying dettol soap in a special offer on Amazon is always beneficial
862,B07DCXBQPV,1,I am received my order thats have past more then one year from his mfg. Date why current mfg. Date product is not sended
823,B07DCXBQPV,2,Less useful product.instead buy dettol original and add to water in which clothes are soaked.waste of money
910,B07DCXBQPV,1,Bottle was not sealed. Not expected this from such a big brand. May b it's fake product
862,B07DCXBQPV,3,Dettol antiseptic liquid original is far better in all terms rather than this product. Not helpful in removing odors
6969,B07DCXBQPV,2,Out of two bottles one bottle is unsealed . I don‚Äôt understand how it is opened before delivery please answer my quire 1st is sealed 2nd is already opened
9696,B07DCXBQPV,5,"Fantastic product, must have as essentials now .. leaves a good frangrance on clothes and ofcourse hygeine wise plys marks"
9696,B07DCXBQPV,5,Why this product isn't seal packed. I have ordered twice but both time it came open. What if the quality is compromised.
9696,AVqVGZNvQMlgsOJE6eUY,5,Nice product... Less price on offer period... Original product... Stylish watch...
9696,AVqVGZNvQMlgsOJE6eUY,5,Nice watch...
333,B07FPSB76P,1,Got damaged itemNot supportive and fast actions taken!
333,B07FPSB76P,5,"Simply awesome...!Spacious, looks good, No issues as of now. If you are thinking about getting it.. well just go for it...! üëçüëå"
333,AVphgVaX1cnluZ0-DR74,5,"I have hyperpigmentation , have been using this cream since 1 week , my hyperpigmentation has bee reduce to an extent . Will update you in few months üôÇüëçüèª"
333,AVqVGZN9QMlgsOJE6eUZ,1,Here is an honest review... please think twice before buying this product... instead of removing pimples...there was pimples all over my face
444,AVpftoij1cnluZ0-p5n2,1,this product will help reducing them and also stop further breakouts..this product is of no use.
444,AVqkIhxunnc1JgDc3kg_,4,Nice soap with good fragrance
444,B07H3V7LNR,1,Very bad product... spoils hair. Do not buy it.
8001,B07H3V7LNR,5,Very good product
8001,B07H3V7LNR,5,"Its far better than hair oil you feel the result immediately after applying... Also the Fragrance is just ""wow..."
8001,B07H3V7LNR,5,nice and good fragrance. after using this my hair is wow so smooth . overall its very good
369,B07H3V7LNR,5,Good product but still expensive.I love the smell it has and it help me with my frizi hair and my hair gets less tangled.
369,B07H3V7LNR,5,Value for money ‚ù§ nice serum mrp is 630 I got it for 440 .. Best serum at best price
1095,B07H3V7LNR,3,Two of them were cap less üôÑ
1095,B07H3V7LNR,5,Best product
369,B07H3V7LNR,5,Great for hair
777,B07H3V7LNR,5,Its far better than hair oil you feel the result immediately after applying.
767,B07H3V7LNR,5,Value for money my wife uses it and its way cheaper than buying from market Happy to save some money.
1080,B07H3V7LNR,5,I'm looking like tigress. I love it. üòòüòò
1077,B07H3V7LNR,5,"Very nice product,,, easy too use with gud colout"
1049,B07H3V7LNR,2,"Product is good , but the final color is not it must be , it is reddish color"
847,B07H3V7LNR,4,Good nice colour
1080,B07H3V7LNR,3,"Wrong information given,it's pack of one and not pack of 8 as described."
858,AVphgVaX1cnluZ0-DR74,5,Awesome product. Worth the price and convenience. The taste is amazing.
858,AVqVGZN9QMlgsOJE6eUZ,5,Got it on deal arnd @190 rs.
1077,AVpftoij1cnluZ0-p5n2,1,Its hard to believe how much they have gone down on the quality aspect compared to what it was 5 years back.
1077,AVqkIhxunnc1JgDc3kg_,5,Bought it for Rs.182 instead of rs.216. all of you know the quality of tata tea very well. If you don't then try this product and you qon
1077,AVphgVaX1cnluZ0-DR74,1,"Looks Like Duplicate, When buy from Near by Grocery Shop, the taste is different.Delivered in Amazon pantry packets taste is very inferior, no aroma and color."
1095,AVqVGZN9QMlgsOJE6eUZ,5,Product is good but paid more than MRP. N
1095,AVpftoij1cnluZ0-p5n2,3,The product is good. But MRP in the packet is 365/- whereas Amazon is showing as 400/-. This is not correct
767,AVqkIhxunnc1JgDc3kg_,3,"Quality is just ok, don't expect Tata tea gold,and tajmahal type taste and quality,It's average dust tea with average taste and aroma"
1077,B07MKNRBFS,4,"Fastrack after sales service is poor, still product is awsm n stylish. Using from last 1 and half year"
1065,B07MKNRBFS,5,"I gifted this to my friend on her birthday, she is very happy with the product.."
1065,B07MKNRBFS,5,Such a nice watch at this price.... Wonderful..... Happy with the purchase
853,B07MKNRBFS,4,Good. She liked!
1120,B07MKNRBFS,5,"toooooo lovely cute amazing choooooo chweeeeet very pretty, i got this at 1020rs after amazon pay cash back discount"
1077,B07MKNRBFS,5,Attractive product.. Also it was delivered within 1 day.. Happy with product as well as delivery time.
847,B07MKNRBFS,5,Owesome look in good budget.I have 1 question if i got any problem with this watch so where i go???Any service centre.
1080,B07MKNRBFS,5,"I bought this for a teenager (18 approx). The product came very well. No damage, no quality issues. All good there. Over all it came upto my expectations"
1077,B07MKNRBFS,5,This is very good product amazing products
1077,B07MKNRBFS,1,I bought this 5 months back but so called leather is loosing its colour. Plz don't buy these people are loosing in the name of brand.
847,B07MKNRBFS,4,"Awesome product, looks genuine original"
697,B07MKNRBFS,5,I like it..
949,B07MXKMWT5,4,Same as shown in a picture. Value for money. Very quick delivery üëç
1003,B07MXKMWT5,4,Watch is good enough to be bought.But don't trust about its delivery period.They don't deliver on time
684,B07MXKMWT5,5,"It's good and looks premium, it's dial is bigger than I thought.It's worth the price ‚Çπ1500/- and probably a steal deal to go with :)"
444,B07MXKMWT5,4,Cost is 15-20% higher than factory price I believe..But quality of watch is superior..I purchased this for my Dad & has been running good for last 5-6 months..
1060,B07MXKMWT5,5,Really amazing product in this budget
1060,B07MXKMWT5,5,Nice watch you must buy it
1060,B07MXKMWT5,2,It not working if not wearing for one day .is it a automatic watch? Not mentioned in specifications.
949,B07MXKMWT5,4,Good product. In big billion sale I got it in 1300 rs....otherwise its sold at 1995 rs.
697,B07MXKMWT5,5,Nice steel.
1060,B07MXKMWT5,3,Look niceLight weightBut after 6-8 month it's not working properly... Sometimes it's ohk sometimes it's automatically slower
1002,B07MXKMWT5,2,I do have it sometimes. But the quality has been reduced.
949,B07MXKMWT5,4,Original and nice
684,B07MXKMWT5,5,Best Mango Based Cool drink available in the market.Price is same as offline stores.
862,B07MXKMWT5,1,When the product arrive it was kind of dirty. The product has the expiry date smudged out. The taste is horrible
862,B07MXKMWT5,5,Nice teast
862,B07MXKMWT5,1,Received this bottle for which the expiry date has already past. And there is no way I can return this.
910,B07NLR9YPZ,5,Suuuuuuuper.. deodorant soap very nice....no doubt about..buy always use must & should realy great soap.... thanks to Amazon discount price...
89,B07NLR9YPZ,4,Quality is always best but this time price is high but for prime member free delivery and fast delivery option is there and this is good.
862,B07NLR9YPZ,4,"Cintol has been the same for years. This is not a premium soap with moisturizer etc, but a good sent soap. Lasts long and sometimes feels its too long to use"
862,B07NLR9YPZ,5,For daily use essential it is very good product.
862,B07NLR9YPZ,5,Perfect packing. a best customer friendly seller app always 5‚≠ê
823,B07NLR9YPZ,5,Best in price range
910,B07NLR9YPZ,5,I like this soap. It's really good
862,B07NLR9YPZ,4,Good soap
6969,B07NLR9YPZ,5,Fress and nice
9696,B07NLR9YPZ,5,Good product and smell is nice
9696,B07NLR9YPZ,5,Nice soap
9696,B07NLR9YPZ,5,"Great Soap bar, The only catch is the free bar is only half the size of the regular bar.However i use it for my travel kit."
9696,B07NLR9YPZ,4,Good but not too long lasting depends on u r sweat.heee
333,B07NLR9YPZ,2,"Not gud bad smell,it's not deo soap"
333,B07Q2B5Z9D,5,"I did exchange with BEST Price in the market and everything went well, no doubt about that, In fact, Product delivered on promised date, and the quality is too good."
333,B07Q2B5Z9D,1,"On each box the MRP is mentioned as rs 160 , for pack of 3 packs it become rs480 but they are selling at rs495 for 3 boxes ,Kindly take a action against this"
333,B07Q2B5Z9D,2,The smell did not last for a week also. It was strong on the first day. After that one couldn't make out the presence of this product at all.
444,B07Q2B5Z9D,5,I think one the best product I have used...It just freshens ur mood... Better than its odonil counterparts... The scent spreads evenly.. just go for it..
444,AVph0EeEilAPnD_x9myq,5,"After 1 week of use, Seems perfect.10/10 for looks.Date,Day and Hour are in perfect sync."
444,AVqkIdntQMlgsOJE6fuB,5,Black Beauty
8001,AVsRjfwAU2_QcyX9PHqe,3,good watch from titan house.But it is very big to my wrist.
8001,AVsRjfwAU2_QcyX9PHqe,5,I'm SO happy after getting this
8001,AVzvXXwEvKc47QAVfRhx,4,Very Nice Product...
369,AVpgdkC8ilAPnD_xsvyi,4,Simply awesome
369,AV1YnR7wglJLPUi8IJmi,5,Great product loved it ....
1095,AVsRjfwAU2_QcyX9PHqe,5,Classic watch for formal occasions. Satisfied with the quality of the product and service of amazon.
1095,AVph0EeEilAPnD_x9myq,3,Amazing watch....but belt damaged in 2 months... What do I do?
369,AVqkIdntQMlgsOJE6fuB,5,Strap could have been better.
777,B07NLR9YPZ,2,"A Tata product, good watch with pathetic strap. Strap will break in two after a month of use."
767,B07NLR9YPZ,5,Watch is okBut belt is so lower quality in after 2months
1080,AVzvXXwEvKc47QAVfRhx,4,Happy to buy this product by amazon .its original and quality product and same design as ordered.
1077,AVpgdkC8ilAPnD_xsvyi,5,"Looking decent, worth buy, No problem after 3 Month of use"
1049,AV1YnR7wglJLPUi8IJmi,5,I have purchased for my father. He really liked it. Thanks Amazon for quick delivery.
847,B07NLR9YPZ,5,"Very nice ,fast delivery, I like it"
1080,B07NLR9YPZ,5,Awesome watch. Love this product in this price
858,AVqVGZNvQMlgsOJE6eUY,1,The product is almost similar to the actual one.. But the day and date cycle not working properly..
858,AVqVGZNvQMlgsOJE6eUY,4,Good one .but date is wrongly represented
1077,AVqVGZNvQMlgsOJE6eUY,4,Nice product
1077,AVqVGZNvQMlgsOJE6eUY,1,Buying such a costly product even without cell in it. At least you should have given a cell with it.
1077,AVqVGZNvQMlgsOJE6eUY,5,Nice watch
1095,B07S55SML2,5,Looks really nice. Great to wear for formals. A surprise gift and satisfied product.
1095,B07S55SML2,5,Very good watch.... I like it... I gifted it to my husband for his birthday... he is so happy...
767,B07VYRQFBJ,5,"Works well , leaves good smell, slightly overpriced"
1077,B07VYRQFBJ,1,The product was not in sealed condition and I feel it is adulterated also
1065,B07VYRQFBJ,5,its nice one
1065,B07VYRQFBJ,5,Already using dettol lime fresh (green) from its launch which is a great product but this menthol cool (blue) is best
853,B07VYRQFBJ,4,Scent & freshness average but longevity bad.
1120,B07VYRQFBJ,3,It's ok for the Price. Fragrance is average
1077,B07VYRQFBJ,5,"new and genuine product delivered before time, cheaper than marketi feel fresh after bath"
847,B07VYRQFBJ,5,Nice product
1080,B07VYRQFBJ,2,Product packaging
1077,B07VYRQFBJ,5,"Value for money, i got it for RS 19 per/piece"
1077,AVqkEM34QMlgsOJE6e8q,1,So bad product...My hair falling increase too much..I order shampoo mask and oil.. nothing stop hairfallAfter 3 to 4 wash my hair falling so badly...
847,AVqkEM34QMlgsOJE6e8q,1,I purchased both oil and shampoo after watching fake YouTube and customer review.After first day of use of oil and shampoo my hairfall increased.
697,B07NLR9YPZ,5,It is completely natural so I feel safe for my son. Before I used dento shine tooth paste. But this has changed a lott. Just go for it . It safe.
949,AVpfIfGA1cnluZ0-emyp,5,i bought it for 2nd time very satisfied
1003,AVphLY7v1cnluZ0-_Ty0,5,"Packing was fresh, overall nice. Helps the skin to feel fresh during winters. Also helpful in case of burns.Got it at 15% discount in form of amazon pay."
684,B07Q2B5Z9D,5,Best. Smells awesome. And It's Dettol. So I can trust it blindly.
444,B07Q2B5Z9D,5,"Its not an antiseptic like regular dettol, its disinfectant used for mobbing floors. So it should not be used for shaving purposes"
1060,AVqkEM34QMlgsOJE6e8q,1,Damaged product found seal broken and difference in quantity in each bottle
1060,B07Q2B5Z9D,3,Good for floors but won't recommended for daily bath or baby bath and in washing because of fragrance.
1060,AVpfIfGA1cnluZ0-emyp,5,Original product
949,B07Q2B5Z9D,5,"Original Product with good packaging, longer expiry date and less price than usual MRP. A must buy product for every household. Got it at 151/- Rs."
697,B07Q2B5Z9D,5,Great deal and good packaging. Packaging so impressive. Words are too short for defining. Thanks Amazon
1060,AVqkEM34QMlgsOJE6e8q,1,"The seal of the cap was opened when received.Also, the quantity seem to be less than actually written on the product as seal was opened."
1002,B07Q2B5Z9D,3,Item is ok. Costlier (Rs 76 ) than MRP Price.
949,AVpfIfGA1cnluZ0-emyp,4,Itz lyk mysore Sandal.. But mysore Sandal comes only 10 to 13 days for my kids to bath.. But this soap come one month for the same usage.. Value for money
684,AVphLY7v1cnluZ0-_Ty0,2,The soap doesn't feels good to me. Appears a bit hard. Although price wise its cheap but I personally didn't like it.
862,AVqkEM34QMlgsOJE6e8q,1,"I was mislead by the reviews. Overall, its a cheap soap. There are definitely better soaps of Sandal available in the market from different brands."
862,B0818ZYVH1,5,Better than what it looks here. Happy with it.
862,B07Q2B5Z9D,5,Soo beautiful watch but now the glass has broken.Now it is in warranty period.So what should I do.
910,B07Q2B5Z9D,5,Very nice ... Dial is looking awesome ... Liked it very much.
89,B0818ZYVH1,5,It is good to wear & classic look ...
862,B0818ZYVH1,5,"Amazon fast delivery, got it for ‚Çπ962 on Grand sale. Worth the price. No doubt. go for it."
862,B0818ZYVH1,5,"Great product,i love it,it's original,thanks Amazon for providing this time real product,plz maintain quality product in future.thanks a lot"
862,B0818ZYVH1,5,the best product ...Dear Amazonplease keep providing your best services to all people..like this..
823,B0818ZYVH1,5,I love the quality of this productThis is an awesome watchThe product quality is very good and very light weight the of watch os.
910,B0818ZYVH1,5,My favorite premixed Masala Tea... I only wish the policy of limited quantities of this product per customer is removed.
862,B0818ZYVH1,5,We are regularly using this tea..Best option for early morning busy routines..Just pour hot or warm water and your tea is ready..Purchased several times now..
6969,B0818ZYVH1,5,Best instant teaoutstanding taste masala teaüòã
9696,B0818ZYVH1,1,waste of moneyi don't like üòûi think is old stock
9696,B0818ZYVH1,1,The packet was torn... Strange flavour. Not like the original.
9696,B0818ZYVH1,4,I THINK THIS PRODUCT IS NOT ORIGINAL.FLAVOUR WAS SO DIFFRENT.
9696,B0818ZYVH1,5,"Nice product. However, would like an option of 'Lemon Grass' flavour also, at the same price."
333,B0818ZYVH1,1,Uselees teaDont know the method
333,B0818ZYVH1,5,Excellent tea very very strong tea previous i used taj mahal tea that's a very very worst product love you society Premium tea
333,B0818ZYVH1,5,Strong tea. I prefer it this way.
333,B0818ZYVH1,3,Average
444,B0818ZYVH1,1,waste product
444,B0818ZYVH1,5,Super stuff
444,B0818ZYVH1,3,The reason I declined the purchase was that it was to light.A thief can easily take it and open it in their own sweet time.Therefore I declined the purchase
8001,B082KY37BL,1,Has absolutely no perfume at all... and it is blue in colour not transparent from as it is shown in Cinthol Ad.Total waste
8001,B082KY37BL,1,I have ordered 4+1=5 pcs cinthol soapBut I have received only 4 pcs Shop1 pcs shop is missing in my order
8001,B082KY37BL,5,Verry good
369,B082KY37BL,5,My wife likes it. She has been using this brand of soap for years. Not much else to say. It‚Äôs a bar of soap.
369,B082KY37BL,1,It's cheating under broad day light.
1095,B082KY37BL,1,All time biskits are broken.
1095,B082KY37BL,3,"FLAVOR WAS GOOD, TASTE TOO BUT MOST OF THE BISCUITS IN THE PACK WERE BROKEN .THIS IS DUE TO POOR HANDLING AND TRANSPORT BY THE SUPPLIER I SUPPOSE"
369,B082KY37BL,5,The size of the biscuits for the price is a joke. Taste is not good.
777,B082KY37BL,5,Hi .. Great taste and found too good for grandparents. I m sure they will like it...
767,B082KY37BL,1,This product tastes like saw dust
1080,AVqkEM34QMlgsOJE6e8q,1,Eight soaps delivered while the packing was of 9
1077,B0818ZYVH1,5,"Got it at Rs.89.00/-.Fregrance is too good. Long lasting up-to 2-6 hours depends on the situation.At this price, good soap."
1049,AVpfIfGA1cnluZ0-emyp,4,Good soap with nice fragrance
847,AVphLY7v1cnluZ0-_Ty0,5,It's a very good soap which gives sufficient lather and cleans the body. Also leaves a very good fragrance.
1080,B0832PGNNH,5,Good healthy snack..
858,B0832PGNNH,5,Very good
858,B0832PGNNH,4,Good ‚ò∫
1077,B0832PGNNH,5,Received in good condition
1077,B0832PGNNH,5,Nice quality
1077,B0832PGNNH,1,Most of the biscuits were crushed.Had to throw half of the biscuit dusts. So a total loss .i bought it from amazon prime. Unhappy with my purchase
1095,B0832PGNNH,1,Kachha maida (uncooked wheat flour) tastes better than this. Go for their Vita Marie variant instead.
1095,B0832PGNNH,5,Brand Britannia no thing to introduce for biscuit quality.
767,B0832PGNNH,1,"It is surprisingly different taste and flavor which is basically dust and soil taste and unable to eatable , really very bad taste in 1st time of this biscuit"
1077,B0832PGNNH,5,Very good product and nice product. Nicely product.
1065,B0832PGNNH,5,Healthy and tasty both
1065,B0832PGNNH,5,This is a good productAnd safely delivered
853,B0832PGNNH,5,"Though a bit pricey but worth it, healthy and tasty"
1120,B0832PGNNH,1,taste is terrible üò´
1077,B0832PGNNH,4,Good for tea time
847,B0832PGNNH,4,Excellent u r also getting money back
1080,B0832PGNNH,5,Very good product.
1077,B0832PGNNH,5,Good one
1077,AVph0EeEilAPnD_x9myq,5,"This is original sandal soap,also smell is fantastic"
847,AVqkIdntQMlgsOJE6fuB,5,Good quality soap and helps to remove body darkening
697,AVphLY7v1cnluZ0-_Ty0,5,It's my favourite soap
949,AVphLY7v1cnluZ0-_Ty0,1,Poor fragrance. It will be inappropriate to exactly describe the fragrance on this platforn. Shocker from mysore sandal brand. 1st and last time purchasing this soap
1003,AVzvXXwEvKc47QAVfRhx,2,I generally like Patanjali products but really didn‚Äôt like this Ghee. The gravity is not good and this doesn‚Äôt feel like what original ghee should be like.
684,AVpgdkC8ilAPnD_xsvyi,1,No where near to the pure Cow Ghee. I dont know why people are crazy about it.
444,AV1YnR7wglJLPUi8IJmi,2,This does not have aroma of a good ghee. Color is also yellow like butter. I do not recommend for people looking to buy pure ghee for kids.
1060,AV1YnR7wglJLPUi8IJmi,5,The purity of the Patanjali Cows Ghee.
1060,AVph0EeEilAPnD_x9myq,5,"Very very very good for skin and hair ..i really appreciate it..if you have suffer minor skin infections , pimple ,acne and hair fall problem then go for it"
1060,AVqkIdntQMlgsOJE6fuB,5,Good gelIt really prevents pimplesGood for all types of skinCan use as night cream as well as primer
949,AVqkIdntQMlgsOJE6fuB,1,Seriously one should check the quality
697,AVqkIdntQMlgsOJE6fuB,5,Using it second time... good
1060,AVzvXXwEvKc47QAVfRhx,4,Looks cool and works perfectly.
1002,AVpgdkC8ilAPnD_xsvyi,5,It suits small wrist handed men very well like me. Thank you Amazon
949,AV1YnR7wglJLPUi8IJmi,5,Good product üëçüëçüëçüëç as it is my second smart watch this is better than my previous one...
684,AVpgdkC8ilAPnD_xsvyi,1,The heart rate monitor shows as OFF on the tracker whereas visible in the phone.The same value should be visible in the tracker as well as shown in the picture
862,AVph0EeEilAPnD_x9myq,1,"I have an order, step tracking was not working and in replacement I received an used watch which was not even packed."
862,AVqkIdntQMlgsOJE6fuB,4,Good watch. Bought it at reasonable price in sale.
862,AVpgdkC8ilAPnD_xsvyi,5,Value for mony
910,AVpgdkC8ilAPnD_xsvyi,4,We had been using this soap since my childhood days.its a good product.
89,AVzvXXwEvKc47QAVfRhx,5,Just Great
862,AVpgdkC8ilAPnD_xsvyi,5,Way best! Lovely scent :)
862,AV1YnR7wglJLPUi8IJmi,5,Looking good and stylish. Worthy.
862,AVzvXXwEvKc47QAVfRhx,5,Sexy & smart watch with many new features
823,AVph0EeEilAPnD_x9myq,2,"Small display, gray display, only notification, can't read sms or what app, music controller missing."
910,AVqkIdntQMlgsOJE6fuB,5,"It is perfect. Good condition although the plastic box was cracked. The watch is original, works fine."
862,AVzvXXwEvKc47QAVfRhx,1,Charging unit is not received to me in the package.?How could I charge the band?
6969,AVzvXXwEvKc47QAVfRhx,5,I'm Using Almost 2 months Nearly its Working Good and Style is Simply Nuce
9696,AVzvXXwEvKc47QAVfRhx,5,This watch is just awesome. It's battery life is long lasting and all the additional features makes it worth buying and it looks so fashionable as well.
9696,AVpgdkC8ilAPnD_xsvyi,1,"Don't buy this watch, the time setting stick is jammed. I can't find how to set time in this watch,"
9696,AV1YnR7wglJLPUi8IJmi,5,Watch strap is little heavy though it doesn't matter. Golden colour combination looks premium.Titan is great.love it
9696,AVphLY7v1cnluZ0-_Ty0,1,"Metal strip of watch not good, felt like duplicate of titan !! Not satisfied with the product.....this was not expected. Waste money"
333,AVphLY7v1cnluZ0-_Ty0,5,Very good and simple looking watch. Hopefully quality will also be expected as from Titan
333,AVpfIfGA1cnluZ0-emyp,5,"Specially I like the dial diameter which is not very large, perfectly fits on my hand."
333,AVphLY7v1cnluZ0-_Ty0,5,Beautiful
333,AVphLY7v1cnluZ0-_Ty0,5,Very good looking very nice awesome perfect look best quality
444,B08DLL7C2D,3,Nice fragrance n it is Good for hair n face treatment
444,B08DLL7C2D,2,Good prdct
444,B08DLL7C2D,5,"As always, good product."
8001,B08DLL7C2D,5,All Time Fav Product
8001,B08DLL7C2D,5,The bestPatanjali baba Ram dev ji
8001,B08DLL7C2D,1,"Seems like I have got fake products, as after consuming this I didnt find effects on my body. Even feels like I'm consuming rice hulls."
369,AVqkIdntQMlgsOJE6fuB,3,Good delivery
369,AVqkIdntQMlgsOJE6fuB,5,Patanjali always Awesome
1095,AVqkIdntQMlgsOJE6fuB,1,"Only 3 item received, ashwagandha is missing from box"
1095,AVqkIdntQMlgsOJE6fuB,5,"Good products, very fastest delivery for Amazon"
369,AVqkIdntQMlgsOJE6fuB,1,Seal broken product delivered.NOT satisfied
369,AVqkIdntQMlgsOJE6fuB,5,Very Nice but delivery charges is high
369,AVqkIdntQMlgsOJE6fuB,3,I actually don't like this product. Product is not effective for your hair. After using this product felt like its damaging my hair.
1095,B08DLL7C2D,5,Bought it for my father. He liked it very much.
1095,B08DLL7C2D,5,Its nice. I purchase for my sister to give as gift to her professor..its perfect for 50+..exactly as shown in picture and very elegant looks.
369,B08DLL7C2D,5,Very good watch for college or university going students.
333,AVqkIdntQMlgsOJE6fuB,4,The watch looks magnificent. But the box in which the watch was packed by the seller is very dusty.
949,B08GWV3SM6,1,A usual product...not a de soap...this is a normal bath soap. Please don't buy if you are really looking for a deo soap.
697,B08GWV3SM6,2,Smells like a Bar soap. Local soap. Not good
949,B08GWV3SM6,5,Good soap with very long lasting fragnance.. One free soap with the pack. Smells and also has cooling effect in the body..
697,B08GWV3SM6,5,Scent good
89,B08GWV3SM6,5,Fragrance is really freshening. Aroma could be felt even before opening the parcel. Got at ‚Çπ165.
684,B08GWV3SM6,5,For Summers it's just great... Feels cool cool... And yeah fragnace lasts for long enough. Using for past 2years.
89,B08GWV3SM6,5,It comes with a mild fragrance which keeps you nd your body refresh. Best of cinthol from all the other varieties of soap.
684,B08GWV3SM6,4,i felt a burn at eyebrows most of the face wash cool and pefume is awesome got 165 for 8 on amazon offer
89,B08GWV3SM6,5,Very nice product.
684,B08GWV3SM6,3,Durable perfume...Nice scent
89,B08GWV3SM6,5,Gidrej product are always trustable.It's cool and fresh!!!!
684,B08GWV3SM6,5,Nice quality product. Great product. Buying all the product from Amazon Pantry regularly.Thank you Amazon for such great quality products at such an affordable rate.
823,B08GWV3SM6,1,I placed order 4+1 soaps.But I have received without seal pack with 4 No's soaps only. Now how can get remaining soap.
823,B08GWV3SM6,3,"The soap is ok for bathing, no scent at all, more drier. The green one from cinthol is much better."
847,B08GWV3SM6,5,For a long time I was searching for Indian soap equal to USA Ivory soap or the soap you get in Holiday Inn Hotels. Here it is!!!! Thank you Cinthol!
910,AVph0EeEilAPnD_x9myq,3,Good but not great
333,AVqkIdntQMlgsOJE6fuB,5,"Quick,easy to make & tasty too."
